,text,label
0,education omba executive leadership university texas 20162018 bachelor science accounting richland college 20052008 training certifications certified management accountant cma certified financial modeling valuation analyst compliance antimoney laundering 092016 american institute banking certified public account cpa lean six sigma green belt certified trade products financial regulations 082016 american institute banking achievements speaker bringing leader within 082019 successfully presented empowering speech leadership 500 participants speaker dallas convention cpas 032019 successfully delivered seminar 3k cpas convention guests teaching experience online teacher udemy 2017 taught online accounting nonaccountant course udemy similar online teaching platforms developed effective teaching modules materials curriculum target students took feedbacks students assist improving teaching methodology materials professional memberships affiliations american society executives 2018 present technical skills quickbooks erp sap oracle hyperion languages english native fellow chartered accountant 2011 present ms office sql ibm cognos german spanish french full professional proficiency limited working proficiency limited working proficiency interests artificial intelligence chess nnovoresumecom sailing cryptocurrencies page 2 2,1
1,howard gerrard accountant deyjobcom birmingham 0123 456 7890 infodayjobcom linkedinname work experience company name accountant location summary howard considered expert managing companys finances looking accounts able perform mathematical calculations speed well accuracy relied upon provide accurate trustworthy information financial transactions confident ability play strategic role business education university course details 20102013 2016present responsible ensuring smooth running accounts department advising updating director irregularities concerns invoices financial matters keeping financial control records expenditures allotments receipts etc verifying financial documents validity accuracy completeness managing receipts deposits cash bank transactions ensuring invoices staff reimbursements paid accurately company name accountant location 20152016 maintaining quality financial controls organising coordinating work junior accounting personnel locating errors accounting records assisting colleagues departments preparation annual budget implementing departmental accounting policies procedures processes using financial tools techniques evaluate business opportunities presenting accounting data clear understandable manner company name accountantlocation 20142015 reviewing monthly departmental profit losses assisting financial tax audits detecting preventing fraud controlling income expenditure documenting internal financial controls producing detailed expenditure reports completing vat returns well writing cheques setting bacs payments writing large cheques suppliers setting bacs payments clients giving professional accounting advice ask need modules text college course details company name accountantlocation 20082010 20132014 responsible drafting responses queries respect submitted accounting computations creating implementing monitoring staff bonus schemes subject text school 20032008 skills course details accounts english maths 8 physics c geography ms word reports supervising tax returns payrolls,1
2,kevin frank senior accountant inforesumekraftcom 2025550120 chicago illinois us linkedincomresumekraft skills misrosoft office erp systems peach tree comsys leadership organizational skills documentation poised pressure hobbies reading books cycling swimming cooking education bachelor commerce san jose state university 2010 masters business administration northeastern university jan 2020 courses career certificate accounting american university cairo feb 2020present qfa qualified financial accountant jan 2018 summary experienced accountant nine years record billing collections combined solid understanding legal procedures legislation proficient wide variety software applications including quickbooks odoo custom accounting software experience senior accountant customer reference mediterraneo group importing exporting jan 2020present see contract company customer review terms payment guarantees conditions save contract files following opening insurance file paying insurance percentage contract recording value contract assistants customer reports guide issuing internal memo bank accountant issue letters guarantee related terms payment stipulated contract followup cash collection check submitted abstract review deductions check insurance taxes fines etc ascertain percentage value added taxes contracting whether supply installation rental equipment work daily manual entry daily value extract deductions case deductions record abstract american journal assistants work settlement restrictions required prove taxes deductions manual program reducing customers indebtedness value collection proof assistants work daily handheld restrictions according attached documents treasury bank accountant prepare daily weekly reports customer attitude review accounts customers work customer approvals periodic reconciliation account bank accountanat mediterraneo group importing exporting sep 2018 dec 2019 prepared journal entries complete general ledger operations monthly yearend closings draw financial reports reconcile maintain balance sheet accounts ensured proper recognition revenue expenses departmental cost center activity administer accounts receivable accounts payable banks,1
3,place birth nationality olivia ogilvy accountant 1515 pacific ave los angeles ca 90291 united states emailemailcom san antonio driving license american links twitter linkedin facebook profile employment history may 2017 apr 2019 experienced certified public accountant 7 years experience financial reporting reconciliations pl statements holds mba plus business valuations certificate proven track record financial system overhaul resulting improvements 30 terms processing speed accuracy accountant iii bzg bank full los angeles jan 2013 mar 2017 jan 2011 dec 2012 implemented cash conversion model six branches ten atms saved 40000 year processing expenses oversee financial reporting accounting functions manage team 4 accounting clerks reconciliation bank accounts analysis periodic financials preparation budgets compile financial statements submit financial director reconcile te amex petty cash prepaid accounts verify payments invoices accounts receivable reports update budgetary schedules expense reports every 30 days responsible payroll function 1500 employees accountant ii h2o manufacturing tampa reinvented format several critical complicated balance sheet account reconciliations reduced error variations 30 prepare journal entries reconciliations trend analyses month end manage revenue accounts payable accounts receivable expense accrual accounts liaise operations production marketing department validate correctness financial information review financial data reports assist migration balance sheet oracle sap responsible cash disbursement engage internal audit team complete documentation sox basel ii accountant cobb associates san diego retrieved 100000 overdue receivables less three months assigning temp debt collector follow outstanding payments assist monthly quarterly annual financial statements general ledger balance sheet reconciliations journal entries fixed assets pl reporting calculate variances actual results budget forecasts reconciliations main bank account international subsidiary accounts prepare documents annual tax returns work external auditors audit review compile necessary documentation required investigation responsible accounts payable accounts receivable statements education apr 2016 aug 2016 association investment management research aimr chartered financial analyst cfa tampa,1
4,stephen greet cpa senior accountant 9 year experience establishing best accounting practices quickly growing tech companies ive learned value proractively identifying removing roadblocks allow accounting scale company want continue work early stage financial consumer startup work experience teachers pay teachers senior accountant new york ny july 2016 current established best practices revenue recognition compliance asc 606 50 yoy revenue growth built processes monthly quarterly filing sales tax returns registration new states required oversaw balance sheet across cash accounts account receivable prepaid assets fixed assets accounts payable accrued expenses partnered management drive businesses processes improve efficiency financial reporting 40 led team 2 junior accountants namely brooklyn ny 123 4567890 stephenbeamjobscom linkedin skills quickbooks taxjar gaap accounting principles accounts payable account receivable financial reporting tax accounting expense reporting accountant new york ny june 2011 june 2016 maintained company general ledger monthly close processes account reconciliations 100 yoy revenue growth developed executed internal controls improve accuracy reduce error rate 22 prepared financial statements accordance gaap conformed monthly company budget process prepared detailed schedules technical accounting memorandum support complex accounting treatment education university pittsburgh mba accounting 2012 pittsburgh pa certified public accountant cpa university pittsburgh bachelor arts accounting 2010 pittsburgh pa supported management devising executing employee equity compensation plan improved employee retention 11,1
5,marie anderson sometown co 55555 5555555555 masomedomaincom linkedin url staff accountant accounting auditing corporate personal taxes management consulting build longterm client relationships handson approach commitment service diligent accountant backed public accounting general ledger gl tax experience expertise gaap data analytics sophisticated modeling tools strategic business partner delivering fiscally responsible strategies resolve financial accounting challenges propel corporate growth strengthen compliance highly technical experienced user quickbooks drake microsoft dynamics gp jd edwards enterpriseone hyperion sap oracle ibm cognos visual basic sql excel skills corporate accounting general ledger gaap standards financial reporting analysis tax preparation financial statements audit reviews forecasting projections financial research sox compliance due diligence state federal tax codes experience abc company sometown co midsize public accounting firm accountant 2012 present accounting intern 2011 2012 provide professional accounting services individuals businesses government clients tax preparation audit support financial statement preparation pro forma budgeting gl accounting bank reconciliation consistently deliver highest quality fullspectrum accounting services success examples selected position reviewer abc cos audit quality review process aqrp 2015 2016 assessed quality audits completed partners reported findings national office leveraged knowledge federal tax code win irs abatements averted tax penalties 11500 7000 two farm operations implemented systems expanded accounting reporting stock option transaction activities support tech startup period fast growth revenues increased 500k 2012 12m 2016 helped businesses accelerate monthend close payroll processing 25 reducing errors increasing accuracy new bests assisted sox compliance ensuring ontime delivery supporting documentation auditors led financial modeling due diligence evaluate proposed 5m acquisition real estate development company uncovered significant gl discrepancies winning client praise preventing unwise investment previous experience bookkeeper 2008 2011 def company plastics manufacturer sometown co volunteer tax preparer irs vita program college education xyz university sometown co bachelor science accounting minor business,1
6,carole chun 122 kismis singapore 598063 6555512121 supportresumeedgecom accountant audits internal controls reports meticulous bilingual professional extensive experience major accounting firms audit portfolio includes private publicly held companies diverse industries including banking manufacturing technically proficient ms excelword scala business solution excellent communicator fluent english mandarin conversant cantonese hokkien possesses working knowledge malay language strong teams working mattasking skills successfully completes projects within time budget constraints attended aiesec management training program willing relocate professional experience leverpol solomon singapore accountant 20002001 supported outsourced financial services infineum singapore jointventure exxonmobil chemical company shell petroleum company ltd shell oil infineum one market leaders development manufacture sale additives petroleum fuels lubricants directed activities four staff members general ledger department facilitated communication internal external auditors refined operational controls management reporting process examined journal vouchers general ledger reconciliations numerous analyses including pl variance intercompany accounts aging generated monthly close financial statements prepared management reports concerning purchases sales inventory prepared submission exxon us tax conform reporting package various statutory reports surveys assumed responsibility resolving outstanding balance sheet items 1999 including payrollrelated accounts suspense de accruals purchase reports long outstanding orders established effective internal controls accomplishments awarded significant pay increases within 18month period superior service designed developed general ledger procedure manual enhanced productivity automating monthend reporting process accellor damien singapose auditor 19971999 audited diverse portfolio including private publicly listed concerns involved trading investment holling retail manufacturing banking coordinated audit team activities meet objectives within time constraints mentored junior staff cenerated statutory accounts management letters audit issues memoranda accomplishments established strategies carry comprehensive audit plans made recommendations effective internal controls careful examination current system education university london united kingdom bachelor arts accounting financial management honors 1997 teachers college malaysia south australian certificate education 1994 independent high school malaysia unified examination certificate equivalent gce level 1993 sijil pelajaran malaysia equivalent gce level 1992,1
7,anna gunther senior accountant annanovoresumecom 1412 987 567 north richland hills tx linkedincominannagunther certified public accountant history accurately efficiently supporting accounting activities diverse range clientele 10 years experience presenting data analyzing cost control providing financial reports delivering profit loss statements time pressures achievements include saving kcr steel corp 252000 fixing taxreporting error areas expertise growth expansion strategies budgeting forecasting public accounting strong analytic intervention cost reduction strategies payroll tax accounting expense account variance financial planning strategy work experience senior accountant sweet oranges technology company 032018present achievementstasks north richland tx manage accounting activities ensure compliance accounting principles policies external audits prepare accurate timely financial reports company expenditures following established schedule review analyze balance sheet income statement cash flow statements variance narratives establish new fund distribution rules define standardize key metrics tolerances levels monitor status transactions coding structures ensure alignment company policy guidelines drive agency key metrics reporting process data gathering maintaining accounting database accountant kcr steel corp 032014022018 achievementstasks oversaw companys general account operations strategically controlling verifying financial transactions saved 252000 fixing taxreporting error established controls processes perform general ledger work month quarter yearend reviewed analyzed preliminary financial statements monthend reports 100 accuracy reviewed accounts payable invoice listing confirm validity conduct budget update necessary analyzed viability establishing efficient accounting process ensure effective execution functions accountant five brothers marketing corporation 022009022014 achievementstasks collected analyzed clients data financial transactions documenting accounting control procedures maintained financial records ensure proper recording operations required financial workflow austin tx ensured process compliance accomplish tasks relevant monetary policies regulations legislation managed development improvement handbook system computerized environment produce profit loss statements financial reports including audit vendor list price prepared monthend balance sheet reconciliations including limited recording transactions creating reports tracking income checking expense figures accuracy legitimacy nnovoresumecom page 1 2,1
8,first last cost accountant new york city ny 10000 firstlastresumewordedcom 1 212 1234567 professional experience resume worded new york ny cost accountant 2016 present assisted payroll accountant process biweekly payroll approximately 1000 employees compiled analyzed financial information prepare entries 20 accounts analyzed purchase price variances resulting net savings 300k reduced accounts payable turnaround 10 negotiating problem resolutions purchasing receiving departments resolved 10 discrepancies excel software reduced inventory cost variances 85 audited 15 accounts providing comprehensive assessment reduced errors 40 managed 5m materials purchased items workinprogress finished goods oversaw annual budget preparation performed departmental account variances managed standard costing globally 4 sites growthsi new york ny management accountant 20152016 20122016 boosted project returns 30 evaluation improvement operational processes analyzed monthly expenses cost fluctuations journals 500m workinprogress collaborated senior leadership cut project expenses 10 optimized workflow cut workinprogress 35 completing project capitalization produced six tm1 templates cutting reporting time five two days auditor 2012 2016 completed 20 audits recovered 2m overcharges clients approved 20m quarterly finished product using sap inventory software new york ny resume worded corporate accountant 20122013 introduced new invoicing system reduced monthend turnaround time 15 assisted collections company resulted 50k collections bad debt prepared distributed uploaded payroll entries 200 employees education growthsi business school master accounting resume worded university san francisco ca 20102012 new york ny 20072011 bachelor business major accounting minor business operations additional information techniques account reconciliation auditing financial accounting internal controls technical skills software quickbooks accounting software microsoft access sap products certifications cost accountant bootcamp 2016 passed resume worded examinations,1
9,robert smith associate accountant phone 123 456 78 99 email infoqwikresumecom website wwwqwikresumecom linkedin linkedincomqwikresume address 1737 marshville road alabama summary degreed associate accountant 5 plus years experience tax compliance accounts payable bank reconciliations fixed assets successful coordination deadlineoriented projects among various departments staff levels hardworking dedicated team player ability blend analysis problemsolving organization produce effective results extensive experience sap fico bi reporting modules ms excel vlookups pivot tables formulas onesource 1099 prosystem tax prosystem responding irs notices requests meeting urgent deadlines building relationships skills advance knowledge microsoft excel microsoft office suite netsuite accounting system institutional accounting system cash pro financial system quickbooks pro bloomberg datatel colleague concur outlook work experience associate accountant abc corporation september 2013 present collecting funds daily reports deposits box office development departments preparing daily deposits calculating entering verified daily totals cash checks credit cards spreadsheets reporting system communicating effectively efficiently levels management telephone andor email receiving opening incoming mailed receipts matching receipts completed daily deposits reconciling monthly financial reports receipts issued student accounting department working payroll contacts coordinate payroll deductions new member information corrections updates changes communicating members staff regarding transactions relating accounts accountant abc corporation june 2013 august 2013 processed balanced daily ach file include edits posts returns exceptions updated managed finance section sharepoint site using html prepared forms manuals accounting bookkeeping personnel directed work activities developed implemented modified documented recordkeeping accounting systems making use current computer technology represented clients taxing authorities provide support litigation involving financial issues advised management issues resource utilization tax strategies assumptions underlying budget forecasts dummy description data replace job description relevant current role case dont need delete free resume template copyright qwikresumecom usage guidelines,1
10,james marcus accountant summary accounting professional good experience target driven environment proven track record consistently committedly delivering services enhance companys credibility profitability experience senior accounts executive sea gamer group importing exporting sep 2018 present prepared journal entries complete general ledger operations monthly yearend closings draw financial reports reconcile maintain balance sheet accounts ensured proper recognition revenue expenses departmental cost center activity administer accounts receivable accounts payable banks treasury handled account banks confirm balances system assisted preparation coordination audit process implementing maintaining internal financial controls procedures corporate accountant mm mining industry jan 2016 aug 2018 make special files bank separately include following bank statements bank reconciliation checkers issuing bank bank account etc preparing bank reconciliation preparing weekly reports preparing daily limits bank reconciliation follow opening banking facilities kinds conditions preservation documents files issuing letters guarantee primarybatchfinal keeping files preparation daily restrictions issuance cancellation letters guarantee courses diploma accounts university california los angeles aug 2016 sep 2017 certified financial investment new york university dec 2015 mar 2016 contact james marcusgmailcom 9999999999 new york united states linkedincomjamesmarcus skills financial planning financial accounting proactive worker public speaking proficiency spreadsheets research analytical ms office languages english french spanish education mba finance new york university apr 2007 may 2010 bachelor commerce university florida mar 2005 feb 2007 awards employee year mining industry 20180105 referal produced request,1
11,olivia ogilvy accountant profile experienced certified public accountant 7 years experience financial reporting reconciliations pl statements holds mba plus business valuations certificate proven track record financial system overhaul resulting improvements 30 terms processing speed accuracy employment history accountant iii bzg bank los angeles may 2017 april 2019 implemented cash conversion model six branches ten atms saved 40000 year processing expenses oversee financial reporting accounting functions manage team 4 accounting clerks reconciliation bank accounts analysis periodic financials preparation budgets compile financial statements submit financial director reconcile te amex petty cash prepaid accounts verify payments invoices accounts receivable reports update budgetary schedules expense reports every 30 days responsible payroll function 1500 employees accountant ii h20 manufacturing tampa january 2013 march 2017 reinvented format several critical complicated balance sheet account reconciliations reduced error variations 30 prepare journal entries reconciliations trend analyses month end manage revenue accounts payable accounts receivable expense accrual accounts liaise operations production marketing department validate correctness financial information review financial data reports assist migration balance sheet oracle sap responsible cash disbursement engage internal audit team complete documentation sox basel ii accountant cobb associates san diego january 2011 december 2012 retrieved 100000 overdue receivables less three months assigning temp debt collector follow outstanding payments details 1515 pacific ave los angeles ca 90291 united states emailemailcom place birth san antonio nationality american driving license full links twitter linkedin facebook skills financial reporting financial management financial accounting income statements balance sheets pl calculations advanced excel federal regulations bank reconciliations ledgers journals languages english french assist monthly quarterly annual financial statements general ledger balance sheet reconciliations journal entries fixed assets pl reporting spanish calculate variances actual results budget forecasts,1
12,avatar john elwes accomplished accounts payable specialist high degree professionalism strong problem solving abilities maintains 100 accuracy processing invoices proficient vendor management thrives challenging fastpaced environments dedicated providing current stateofaccounts reports inform cash flow management decisions nationality english personal info date birth 26111714 phone number 999 999 9999 web wwwkickresumecom email address hellokickresumecom work experience accounts payable clerk xyz company ltd london efficiently process vendor invoices maintain uptodate system open track customer vendor accounts coordinate approval processes accounts payable invoices balance batch summary reports verification approval research resolve billing invoice problems coordinated approval processes accounts payable invoices accounts payable clerk abc company ltd london verified details transaction including funds available total account balances overhauled internal controls accounting quality system prepare important audits dealt suppliers renegotiated contracts coded general ledger processed vendor invoice payments rectified escalated accounts payable issues employees vendors calculate rates paid purchases price extensions education strengths financial accountant efg company ltd london analysed revenues commissions expenses ensure recorded appropriately monthly basis assisted corporate tax reporting requirements conducted reviews evaluations costreduction opportunities prepared financial statements supporting schedules according annual close schedule performed general accounts analysis reconciliations including bank statements fixed assets employers benefit costs accruals prepaid expenses bsc hons financial economics university st andrews 092002 072006 scotland 21 upper second undergraduate degree organisation time management ms excel public speaking team leadership attention detail sql data analytics ms visual basic ibm congos sap,1
13,freeman lueilwitz 7554 oconnell creek los angeles ca phone 1 555 981 9560 experience sso accountant expert local operations education skills new york ny 082014 present providing accounting services processes monitors accounting transactions reporting accordance process design concept service levels defined sso service description complies nsn global fc accounting principles procedures including sox internal controls ifrslocal gaap accounting principles defined responsibility area providing accounting expert support provides support coordination global process implementation tool deployments responsibility area responsible implementation execution accounting qa process accounting closing bs validation reconciliation attestation accounting quality assurance processes cooperates actively colleagues internalexternal customers establish maintain good networkpartnership ensure smooth optimal timely solution issues accountant operations certifications chicago il 012008 052014 prepare trust services group cfo report along ad hoc reports weekly monthly quarterly annual basis provide extensive analysis net interest margin variance investigation using assorted tools collaborating business intelligence application services produce adhoc reports explain system generated entries assist daily weekly processes finance team complete month end close process trust optimum mortgage lines business design test various reconciliations ensure data accurate valid advise implement process improvement identify key processes affect internal controls financial reporting operations accountant san francisco ca 112000 112007 provide high quality analysis financial performance reporting findings finance business partner key stakeholders business productprocess yield analysis control support manufacturing process improvement overhead improvement capturereport benefits kerry excel forum identify areas potential cost savings improvements factory efficiency help factory management achieve provides information supervisors coworkers subordinates telephone written form email person apply high standards occupational health safety workplace comply company policy procedures increase financial awareness hence financial control within factory management ensure factory operates key business objectives manages group interpersonal conflict effectively california state university fullerton bachelors degree business administration focus strong attention detail demonstrated integrity professionalism strong attention detail highly proficient microsoft excel experience using sap asset attention detail careful detail thorough completing work tasks strong people communication skills ability build maintain supportive relationships ability fully perform accounts payable routines utilizing ap general ledger software applications highly organized excellent communication skills written verbal microsoft excel proficient great interpersonal skills,1
14,experience education skills elva corkery 52948 kari wells boston phone 1 555 702 7852 senior accountant corporate accounting boston 022016present assist preparation quarterly earnings releases assist quarterly yearend financial closing processes gather prepare reconcile earnings release statistics peers work investor relations corporate finance relevant departments ensure complete accurate disclosures assist coordination annual financial audit external auditors assist research documentation new accounting pronouncements transactions may impact company participate special projects assigned senior accountant corporate accounting san francisco ca 082010012016 timely effective communication team members managers including status update assigned entities assist monthly calculation fiduciary affiliated fee allocation related automation efforts perform review entities interunit balances monthly settlement balances perform monthly close process us registered investment advisor entities prepare quarterly invoices obtain reimbursement funds expenses paid company behalf funds participate various adhoc crossdepartmental crossfunctional projects review post daily transactions accountant corporate accounting los angeles ca 062007042010 coordinate quarterly management certification efforts support senior managements certification quarterly 10q annual 10k perform duties may requested management assist variety crossfunctional projects working directly leadership business finance teams accounting groups perform monthly bookkeeping assist monthly annual reporting starbucks foundation assist customers researching accounting issues assessing accounting impact perform monthend closing including balancing intercompany transactions yearend forms preparation assist preparation monthly quarterly ga expense analyses iowa state university bachelors degree accounting ability communicate clearly concisely orally writing displays initiative ability improce processes document work performed attention detail ability work independently ability interact effectively various levels organization ability multitask manage priorities effectively fast paced environment exhibiting exceptional attention detail continuously driving process improvements ability prioritize document work performed ability effectively engage cross functionally various levels organization starbucks equal opportunity employer qualified individuals including minorities women veterans individuals disabilities starbucks consider employment qualified applicants criminal histories manner consistent federal state local ordinances excellent written verbal communication skills,1
15,professional accountant resume john smith 3605551212 9600 ne address st seattle wa 11111 jsmithnowherecom career objective versatile team player eager contribute strong finance accounting administrative background toward actively supporting success progressive organization offering opportunities growth exchange superior performance profile plfinancial offer 10year background accounting finance experience ranging statements management reports general ledger journal entries multistate payroll accounts payablereceivable reconciliations inventory variances allocation job costing additional crosstraining experience diverse areas business operations including staff training direction order management software training operationaltechnical documentation effectively identify develop execute strategies boost productivity efficiency quality dynamic organization project planning time management multitasking abilities actively facilitate contribute collaborative team environments welcome increasing responsibilities well opportunities professional development readily adapt new professional settingsindustries adeptly acquire apply new skills knowledge toward supporting company goals pc literate technical proficiency axapta mas90mas200 quickbooks microsoft office suite including excel spreadsheets adp payroll certified company name professional experience accounts payable specialistpayroll specialistaccounting specialist 2005 present apply sharp organization analytical multitasking abilities toward managing accounts payable general ledger transactions accounts receivable daily invoicing cash posting multiple account reconciliations proficiently handle fullcycle accounts payable 200 vendors accountability ranging weekly check processing gl coding account reconciliation allocation process biweekly payroll 100 employees nationwide facilitate sales order process initial receipt confirmation updating timely delivery demonstrate dynamic leadership skills training directing team members strategically developed innovative order process procedures adopted company remains use date company name corporate store accountant 2004 2005 efficiently managed payables receivables including reconciliations payroll general ledger functions posted reconciled allocated inventory variances general ledger corporate office well 7 multistate cafes steered reconciliation bank credit card accounts company name accounting manager 2001 2004 compiled prepared detailed financial statements management reports journal entries developed produced excel spreadsheets pl balance sheet income summary trial balance productively managed multistate payroll processing significantly improved accounts payablereceivable operations developing implementing proactive workflow procedures company name 1996 2001 bookkeeper,1
16,victor nathan accountant summary accounting professional good experience target driven environment proven track record consistently committedly delivering services enhance companys credibility profitability administration institutional abilities would also work perform administrative tasks responsibilities experience accountant win international oct 2017 present prepared journal entries complete general ledger operations monthly yearend closings draw financial reports managing payroll 176 employees including foreign well local staff responsible managing cash hand 7500 fee 4 million approximately ensured proper recognition revenue expenses departmental cost center activity vendor management including tax payments administer accounts receivable accounts payable banks treasury contact inforesumekraftcom 2025550120 chicago illinois us linkedincomresumekraft skills client management proactive worker public speaking ms office financial accounting event organization photography team leadership languages english handled account banks confirm balances system french assisted preparation coordination audit process implementing maintaining internal financial controls procedures dealing finance related queries staff clients junior accountant vannes solutions apr 2017 sep 2017 responsible teaching financial management students marking assignmentsmock exams marking assignmentsmock exams international students online preparing exam papers weekly assessments internee jm industries jan 2017 mar 2017 preparing bank reconciliation preparing weekly reports posted journal entries maintained files records required operations financial workflow sports cocurricular activities school prefect alevels 2014 assistant social secretary alevels 2013 badminton table tennis player alevels 20122014 attended lumun12 arabic german education acca san jose state university aug 2014 apr 2017 alevels northeastern university aug 2012jun 2014 referal produced request,1
17,rachel nathan chartered accountant contact inforesumekraftcom 2025550120 chicago illinois us linkedincomresumekraft skills tally erp ms office interpersonal skills languages hobbies english french arabic german dance music writing languages reading books video games summary highly enthusiastic confident person desired succeed fast moving environment hardworking individual afraid changes adapt easily given environment good group dynamic skills also good communicator first class management skills motivated responsibility consider reliable trustworthy always try work best ability experience article assistant sara associates feb 2017 present audit assurance assisted internal audit programmes clients covering educational trusts medical trusts social welfare trusts prepared monthly well quarterly financials annual budgets audit reports line approved audit plan discussed audit findings recommendations line managers reported significant issues senior management assisted statutory audit listed companies manufacturing service industries assisted investigation audit construction industry taxation roles registration gst filing gst returns assisted clients direct indirect tax compliances handling tds assignment team preparation presentation submissions tax authorities assisting annual roc filings education chartered accountant san jose state university jun 2015 nov 2019 cpt june 2015 5500 ipcc nov 2016 group 1 5250 may 2017 group ii 5433 ca final nov 2019 5138 remarks exemption 2 subjects ca final including risk management bachelor commerce northeastern university jun 2015 apr 2018 grade higher secondary education arizona state university jun 2013 mar 2015 8769,1
18,josiah wedgwood 06121730 english 999 999 9999 hellokickresumecom wwwkickresumecom education bsc accounting finance 092013 072016 london school economics london uk developed core knowledge skills accounting finance learnt analyse ways management shareholders various stakeholders understand operate organisations institutions within economy society accounting experience audit intern 032016062016 volunteer 012016042016 audit intern lse language centre london uk conducted audits time sheets maintained records free errors coincide payroll performed transactional assistance miscellaneous ad hoc projects prepare reports review volunteer income tax assistance london uk provided income tax preparation assistance cost lowincome elderly disabled persons families limited englishspeaking abilities prepared average one two tax returns per hour lse audit advisory services london uk performed analytic reviews payroll travel reimbursement fraud accuracy also perform test transactions determine departmental compliance campus policy procedures assisted auditors performance operational departmental financial compliance procedures collaborated auditors development training presentations campus community created executed sql based queries complex excel functions vlookup pivot tables concatenates ifor formulas perform tests benfords law leadership experience transfer student mentor lse department accounting london uk 082015 062016 planed workshops professional etiquette career fair cpa exam preparation provided detailed guidance mentees analyzing academic career planning collaborated department accounting staff faculty mentors assist mentees skills german visio adobe activities sql quickbooks member accounting society lse october 2014 present member athletic society lse september 2015 present member debating society lse august 2015 present,1
19,accountant resume sample resume genius contact email youremailgmailcom phone 895 555 555 address 4397 aaron smith drive harrisburg pa 17101 linkedin linkedincominyourprofile skills oracle sage microsoft office communication time management critical thinking handling pressure education mba accounting poloma college nj 2013 ba accounting grover college co 2011 certified public accountant awards employee month langford partnership march 2015 resume objective certified public accountant 5 years experience ledger processes account reconciliations streamlining accounts possess mba focus accounting seeking leverage accounting expertise experience managerial role corporate banker experience financial analyst langford partnership boston september 2016 present created financial reports supported areas responsibility within 5 person finance team managed 350000 budget reduction costs totaling 15 two years analyzed examined interpreted account records compiled financial information reconciled reports financial data performed process analysis communicated recommendations management process journal entries perform accounting corrections ensure accurate records financial advisor bringham sons bakersfield ca june 2013 august 2016 conducted thorough reviews potential business partnerships strategies performed risk analyses using frap facilitated risk analysis process trained supervised 2 new employees ensuring maintain fastidious attention detail forecasted losses earnings using quantitative qualitative analyses high degree accuracy allowing company intelligently manage invest resources adhered departmental controls regulations maintaining ethical conduct times,1
20,olivia ogilvy accountant los angeles ca 90291 united states details 1515 pacific ave los angeles ca 90291 united states emailemailcom place birth san antonio nationality american driving license full links twitter linkedin facebook profile experienced certified public accountant 7 years experience financial reporting reconciliations pl statements holds mba plus business valuations certificate proven track record financial system overhaul resulting improvements 30 terms processing speed accuracy employment history accountant iii bzg bank los angeles may 2017 april 2019 implemented cash conversion model six branches ten atms saved 40000 year processing expenses oversee financial reporting accounting functions manage team 4 accounting clerks reconciliation bank accounts analysis periodic financials preparation budgets reconcile te amex petty cash prepaid accounts compile financial statements submit financial director verify payments invoices accounts receivable reports update budgetary schedules expense reports every 30 days skills financial reporting financial management financial accounting responsible payroll function 1500 employees accountant ii h20 manufacturing tampa january 2013 march 2017 reinvented format several critical complicated balance sheet account reconciliations reduced error variations 30 prepare journal entries reconciliations trend analyses month end income statements balance sheets pl calculations advanced excel federal regulations bank reconciliations manage revenue accounts payable accounts receivable expense accrual accounts liaise operations production marketing department validate correctness financial information review financial data reports assist migration balance sheet oracle sap responsible cash disbursement engage internal audit team complete documentation sox basel ii accountant lat cobb associates san diego january 2011 december 2012 retrieved 100000 overdue receivables less three months assigning temp debt collector follow outstanding payments assist monthly quarterly annual financial statements general ledger balance sheet reconciliations journal entries fixed assets pl reporting ledgers journals calculate variances actual results budget forecasts reconciliations main bank account international subsidiary accounts prepare documents annual tax returns,1
21,personal info 02121818 english 999 999 9999 william deloitte william w deloitte wwwkickresumecom hellokickresumecom work experience 072009 present 032005 052009 062004 032005 cofounder partner delloite plender griffiths co london overseeing aspects financial control business liaise auditors bankers relevant statutory bodies related matters researching taxation regulations relevant needs clients adapting forms easier understand responsible opening tracking accounts customers vendors understanding promotions brands commercial centres advise customers sales associate accountant bancruptcy court london performed accounting features including bank reconciliations expense accruals coding transaction reviewing bookkeepers entries reviewed invoices accuracy within contractual guidelines dealt directly vendors resolve invoice discrepancies suggested ways reduce costs 25 enhance revenues 12 improve profits 7 official assignee assistant bancruptcy court london prepare documents relating debit notes bills invoices etc prepare monthly reports financial statements performed tasks assigned official assignee education 092001 072004 bsc accounting finance skills german french london school economics london first class honours degree developed core knowledge skills accounting finance learnt analyse ways management shareholders various stakeholders understand operate organisations institutions within economy society sql visio,1
22,andrew williamson accountant dayjobcom street birmingham b18 0123 456 7890 infodayjobcom facebookcomyour name career accountant 2015present accountant 20142015 accountant 20132014 accountant 20122013 company name location involved working within financial accounting team responsible preparing examining analyzing accounting records financial statements financial reports reporting senior managers regarding companys finances reporting managers companys finance advising financial implications decisions detecting preventing company financial fraud liaising internal external auditors location company name accurately promptly processing documentation preparing monthly reconciliations balance sheet accounts supporting senior management specific investigations departmental management accounts dealing financial irregularities company name location preparing annual financial statements carrying accounting related duties assigned accounting management collecting raw financial data conducting regular business reviews company name location developing policy company treasury preparing standard accounting reports summaries financial analysis supporting team members accounting issues reviewing companys finances university name academic 20062009 course details details 20042006 20002004 course details details course details maths college name school name english b geography c profile highly organized detail orientated dependable professional ability apply accounting knowledge experience diverse range financial issues andrew hardworking dedicated ambitious accountant possesses strong theoretical practical knowledge generally accepted accounting principles track record making direct impact operations pro skills ability effectively present financial data information levels knowledge liquidity financial risk monitoring procedures processes accurate pressure remain focused minute details technical knowledge national global accounting principles per skills always first volunteer difficult projects staff may shy away afraid stand wrong necessary prepared challenge others never giving task half way instead always seeing end references available request twittercomname linkedincomname,1
23,robert smith senior accountant contact details 1737 marshville road alabama 1234567899 infoqwikresumecom wwwqwikresumecom personal statement dedicated accountant 10 years experience proficiencies account management flow reporting across many business areas business experience financial analysis management attention detail client management evaluating economic business trends completion financial details organizational skills results oriented leader process management skills complete tasks within budget time adept financial review research analysis fast paced environment work experience senior accountant abc corporation january 2011 present responsibilities performing general accounting financial activities including journal entry preparation posting well account analysis accrualreserve analysis developing financial statements including balance sheet income statement cash flow continuously monitoring financial statistical reports accurate completion federal emergency management agency fema financial statement preparing financial business related analysis research areas financial expense performance rate return depreciation working capital investments working closely finance teams departments receive retrieve consolidate data ensure data integrity reporting analyzing monthly department budgeting accounting reports maintain expenditure controls consolidating monthly reporting packages forecasts annual budgets analyze trends revenue expense capital expenditures related areas accountant abc corporation july 2007 december 2010 responsibilities reviewed analyzed processed maintained accounting financial transactions records ensure operational quality efficiency measures achieved performed variety accounting functions supported organizationwide operations maintained accuracy general expenditure ledgers financial systems accomplished daily monthly receiving bank deposits subsequent cash billing adjustments corresponding accounts assisted invoicing processing payments resolving collection issues free resume template copyright qwikresumecom usage guidelines skills quickbooks microsoft office adp payroll prosystem fx tax cch practice management abacus accounting languages english native french professional spanish professional interests climbing snowboarding cooking reading references reference 1 company name reference 2 company name,1
24,first last bay area california 1234456789 professionalemailresumewordedcom linkedincominusername professional experience resume worded new york ny accounting manager jun 2018 present recognized top accounting manager 2019 managed monthly closing consolidation financial reporting 21m new division finance area company coordinated scheduling enforced project timelines reducing monthend close time frame 50 worked closely auditors year end audits prepared schedules gathered details consolidated sales 10m recovered 2m overstated expenses recorded prior shared service managed team 18 accounting specialists responsible payroll accounts payable receivable billing growthsi new york ny assistant accounting manager managed monitored work 6 financial specialists accountants jan 2015 may 2018 identified opportunities implemented measures reduce certain variable costs 15 implemented regular workflow monitoring procedures reducing monthend close time 30 decreased company expenditures 20 consistently identifying potential cost savings opportunities resume worded san diego ca accounting supervisor nov 2011 dec 2014 may 2008 dec 2014 promoted within 18 months due strong performance organizational impact one year ahead schedule streamlined business processes improve efficiency financial reporting 40 developed executed internal controls improving accuracy 90 reducing error rate 22 accounting specialist may 2010 oct 2011 maintained company general ledger monthly close processes account reconciliations 100 yoy revenue growth led team 2 junior accountants associate accounting may 2008 oct 2011 developed efficient method inputting accounts receivable data quickbooks 100 accuracy prepared end month invoices 120 clients education resume worded university san francisco ca master business administration candidate major business accounting skills hubspot salesforce quickbooks financial reporting roi cashflow gaap may 2010 sage50 accounting netsuite erp ms access delphi technology oracle,1
25,"I really liked this Summerslam due to the look of the arena, the curtains and just the look overall was interesting to me for some reason. Anyways, this could have been one of the best Summerslam's ever if the WWF didn't have Lex Luger in the main event against Yokozuna, now for it's time it was ok to have a huge fat man vs a strong man but I'm glad times have changed. It was a terrible main event just like every match Luger is in is terrible. Other matches on the card were Razor Ramon vs Ted Dibiase, Steiner Brothers vs Heavenly Bodies, Shawn Michaels vs Curt Hening, this was the event where Shawn named his big monster of a body guard Diesel, IRS vs 1-2-3 Kid, Bret Hart first takes on Doink then takes on Jerry Lawler and stuff with the Harts and Lawler was always very interesting, then Ludvig Borga destroyed Marty Jannetty, Undertaker took on Giant Gonzalez in another terrible match, The Smoking Gunns and Tatanka took on Bam Bam Bigelow and the Headshrinkers, and Yokozuna defended the world title against Lex Luger this match was boring and it has a terrible ending. However it deserves 8/10",0
26,"Not many television shows appeal to quite as many different kinds of fans like Farscape does...I know youngsters and 30/40+ years old;fans both Male and Female in as many different countries as you can think of that just adore this T.V miniseries. It has elements that can be found in almost every other show on T.V, character driven drama that could be from an Australian soap opera; yet in the same episode it has science fact & fiction that would give even the hardiest ""Trekkie"" a run for his money in the brainbender stakes! Wormhole theory, Time Travel in true equational form...Magnificent. It embraces cultures from all over the map as the possibilities are endless having multiple stars and therefore thousands of planets to choose from.<br /><br />With such a broad scope; it would be expected that nothing would be able to keep up the illusion for long, but here is where ""Farscape"" really comes into it's own element...It succeeds where all others have failed, especially the likes of Star Trek (a universe with practically zero Kaos element!) They ran out of ideas pretty quickly + kept rehashing them! Over the course of 4 seasons they manage to keep the audience's attention using good continuity and constant character evolution with multiple threads to every episode with unique personal touches to camera that are specific to certain character groups within the whole. This structure allows for an extremely large area of subject matter as loyalties are forged and broken in many ways on many many issues. I happened to see the pilot (Premiere) in passing and just had to keep tuning in after that to see if Crichton would ever ""Get the girl"", after seeing them all on television I was delighted to see them available on DVD & I have to admit that it was the only thing that kept me sane whilst I had to do a 12 hour night shift and developed chronic insomnia...Farscape was the only thing to get me through those extremely long nights...<br /><br />Do yourself a favour; Watch the pilot and see what I mean...<br /><br />Farscape Comet",0
27,"The film quickly gets to a major chase scene with ever increasing destruction. The first really bad thing is the guy hijacking Steven Seagal would have been beaten to pulp by Seagal's driving, but that probably would have ended the whole premise for the movie.<br /><br />It seems like they decided to make all kinds of changes in the movie plot, so just plan to enjoy the action, and do not expect a coherent plot. Turn any sense of logic you may have, it will reduce your chance of getting a headache.<br /><br />I does give me some hope that Steven Seagal is trying to move back towards the type of characters he portrayed in his more popular movies.",0
28,"Jane Austen would definitely approve of this one!<br /><br />Gwyneth Paltrow does an awesome job capturing the attitude of Emma. She is funny without being excessively silly, yet elegant. She puts on a very convincing British accent (not being British myself, maybe I'm not the best judge, but she fooled me...she was also excellent in ""Sliding Doors""...I sometimes forget she's American ~!). <br /><br />Also brilliant are Jeremy Northam and Sophie Thompson and Phyllida Law (Emma Thompson's sister and mother) as the Bates women. They nearly steal the show...and Ms. Law doesn't even have any lines!<br /><br />Highly recommended.",0
29,"Expectations were somewhat high for me when I went to see this movie, after all I thought Steve Carell could do no wrong coming off of great movies like Anchorman, The 40 Year-Old Virgin, and Little Miss Sunshine. Boy, was I wrong.<br /><br />I'll start with what is right with this movie: at certain points Steve Carell is allowed to be Steve Carell. There are a handful of moments in the film that made me laugh, and it's due almost entirely to him being given the wiggle-room to do his thing. He's an undoubtedly talented individual, and it's a shame that he signed on to what turned out to be, in my opinion, a total train-wreck.<br /><br />With that out of the way, I'll discuss what went horrifyingly wrong.<br /><br />The film begins with Dan Burns, a widower with three girls who is being considered for a nationally syndicated advice column. He prepares his girls for a family reunion, where his extended relatives gather for some time with each other.<br /><br />The family is high atop the list of things that make this an awful movie. No family behaves like this. It's almost as if they've been transported from Pleasantville or Leave it to Beaver. They are a caricature of what we think a family is when we're 7. It reaches the point where they become obnoxious and simply frustrating. Touch football, crossword puzzle competitions, family bowling, and talent shows ARE NOT HOW ACTUAL PEOPLE BEHAVE. It's almost sickening.<br /><br />Another big flaw is the woman Carell is supposed to be falling for. Observing her in her first scene with Steve Carell is like watching a stroke victim trying to be rehabilitated. What I imagine is supposed to be unique and original in this woman comes off as mildly retarded.<br /><br />It makes me think that this movie is taking place on another planet. I left the theater wondering what I just saw. After thinking further, I don't think it was much.",0
30,"I've watched this movie on a fairly regular basis for most of my life, and it never gets old. For all the snide remarks and insults (mostly from David Spade), ""Tommy Boy"" has a giant heart. And that's what keeps this movie funny after all these years.<br /><br />Tommy Callahan (Chris Farley) is the son of Big Tom Callahan (Brian Dennehy), master car parts salesman, and has ridden on that all his life. But after his died dies on his wedding day, Tommy learns that the company is in debt, and about to be bought by Ray Zalinsky (Dan Akroyd), the owner of a huge car parts company. So in order to save the company, Tommy has to go on the road to sell the company's new brake pads. Along for the ride, though not by choice, is Richard Hayden (David Spade) a former classmate of Tommy's who was Big Tom's right-hand man.<br /><br />The movie rides on the chemistry between the two SNL stars (and real-life best friends) Chris Farley and David Spade. The duo has enough comic energy going between them to power the world. It's the big, dumb guy versus the smart little guy. It works, and some of their scenes are unforgettably funny. Farley and Spade are actually decent dramatic actors as well. Although the film is primarily a comedy, it has its fair share of drama, but Spade and especially Farley are just as good there as when they're making the audience laugh.<br /><br />Forgive me, but I have to talk about Chris Farley a little more. I read his biography (""The Chris Farley Show: A Biography in Three Acts,"" for anyone who cares), and understanding who Chris was in real life made this movie more special to me. Chris Farley was a genuinely good person who struggled, and ultimately failed to conquer his addictions. Although this was the first movie he had a major role in, it is his best film. It really showed who he was, and just how much talent he had. Knowing Chris's story adds another layer to this movie, although it doesn't make it any less funny.<br /><br />Farley and Spade are matched with a good on screen cast. Rob Lowe is suitably slimy as Tommy's ""new brother,"" and Bo Derek is solid as his step-mother. Brian Dennehy is great as Big Tom. Dennehy makes it easy to believe that they're father in son. Big Tom is just as crazy as his son, although he's smarter and more mature. Dan Akroyd gives one of his best performances as Zalinsky, giving Tommy the hard truth behind advertising. Julie Warner is also good as Tommy's love interest, Michelle.<br /><br />For me, Peter Segal is one of the great comedy directors. He keeps the pace quick and energetic, but most importantly, he knows how to make comedy funny. He doesn't belabor the jokes, and he understands that funny actors know what they're doing and he allows them to do it. But Segal goes a step further. He gives ""Tommy Boy"" a friendly, almost nostalgic tone that both tugs the heartstrings (genuinely) and tickles the funnybone.<br /><br />Critics didn't like ""Tommy Boy."" Shame on them. A movie doesn't have to be super sophisticated or subversively intellectual to be funny (God forbid Farley and Spade were forced to do muted comedy a la ""The Office""). This is a great movie and one of my all-time favorites.",0
31,"For once a story of hope highlighted over the tragic reality our youth face. Favela Rising draws one into a scary, unsafe and unfair world and shows through beautiful color and moving music how one man and his dedicated friends choose not to accept that world and change it through action and art. An entertaining, interesting, emotional, aesthetically beautiful film. I showed this film to numerous high school students as well who all live in neighborhoods with poverty and and gun violence and they were enamored with Anderson, the protagonist. I recommend this film to all ages over 13 (due to subtitles and some images of death) from all backgrounds.",0
32,"Okay, I didn't get the Purgatory thing the first time I watched this episode. It seemed like something significant was going on that I couldn't put my finger on. This time those Costa Mesa fires on TV really caught my attention- and it helped that I was just writing an essay on Inferno! But let me see what HASN'T been discussed yet...<br /><br />A TWOP review mentioned that Tony had 7 flights of stairs to go down because of the broken elevator. Yeah, 7 is a significant number for lots of reasons, especially religious, but here's one more for ya. On a hunch I consulted wikipedia, and guess what Dante divided into 7 levels? Purgatorio. Excluding ante-Purgatory and Paradise. (The stuff at the bottom of the stairs and... what Tony can't get to.) <br /><br />On to the allegedly ""random"" monk-slap scene. As soon as the monks appeared, it fit perfectly in place with Tony trying to get out of Purgatory. You can tell he got worried when that Christian commercial (death, disease, and sin) came on, and he's getting more and more desperate because Christian heaven is looking kinda iffy for him. By the time he meets the monks he's thinking ""hey maybe these guys can help me?"" which sounds like contemplating other religions (e.g. Buddhism) and wondering if some other path could take him to ""salvation"". Not that Tony is necessarily literally thinking about becoming a Buddhist, but it appears Finnerty tried that (and messed up). That slap in the face basically tells Tony there's no quick fix- as in, no, you can't suddenly embrace Buddhism and get out of here. <br /><br />Tony was initially not too concerned about getting to heaven. But at the ""conference entrance"", he realizes that's not going to be so easy for him. At first I saw the name vs. driver's license problem as Tony having led sort of a double life, what with the killing people and sleeping around that he kept secret from most people. He feels free to have an affair with quasi-Melfi because ""he's Kevin Finnerty"". He figures out that he CAN fool some people with KF's cards, like hotel receptionists, but it won't get him out of Purgatory. Those helicopters- the helicopters of Heaven?- are keeping track of him and everything he does.<br /><br />After reading all the theories on ""inFinnerty"", though, it seems like KF's identity is a reminder of the infinite different paths Tony could've taken in his life. Possibly along with the car joke involving Infiniti's that made no sense to me otherwise. Aaaand at that point my brain fizzles out.",0
33,"I was very disappointed with this series. It had lots of cool graphics and that's about it. The level of detail it went into was minimal, and I always got the feeling the audience was being patronized -- there was a lot of what seemed to me as ""This is extremely cool but we're not going to explain it in further detail because you won't get it anyway. Let's just show you some pretty pictures to entertain you."" The host would drop interesting-sounding words such as ""sparticles"" and ""super-symmetry"" without any attempt at explaining what it was. We had to look it up on Wikipedia.<br /><br />Furthermore, I know quite a bit about superstrings (for a layman) and I found their explanations were convoluted and could have been so much better. They could have chosen MUCH better examples to explain concepts, but instead, the examples they used were confusing and further obscured the subject.<br /><br />Additionally, I got so sick of the repetitiveness. They could easily have condensed the series into one episode if they had cut out all the repetition. They must have shown the clips of the Quantum Caf about 8 times. The host kept saying the same things over and over and over again. I can't remember how many times he said ""The universe is made out of tiny little vibrating strings."" It's like they were trying to brainwash us into just accepting ""superstrings are the best thing since sliced bread.""<br /><br />Finally, the show ended off with an unpleasant sense of a ""competition"" between Fermilab and CERN, clearly biased towards Fermilab. This is supposed to be an educational program about quantum physics, not about whether the US is better than Europe or vice versa! I also felt that was part of the patronizing -- ""Audiences need to see some conflict to remain interested."" Please. Give me a little more credit than that.<br /><br />Overall, 2 thumbs down :-(",0
34,"The first 30 minutes of Tinseltown had my finger teetering on the remote, poised to flick around to watch something else. The premise of two writers, down on their luck, living in a self-storage-space ""bin"" was mildly amusing, but, painfully bland.<br /><br />The introduction of the character, played by Joe Pantoliano - the big deal movie guy, that lives in the park and sleeps in a lavatory, offered hope and I decided to give it a few more minutes. And then a few more until Kristy Swansons introduction as a budding film director & borderline nymphomaniac, added a bit of spice. Her solid acting performance raised her presence above and beyond just a very welcome eye-candy inclusion.<br /><br />Ultimately, the obvious low-budget impacts on the film with poorly shot scenes, stuttured pace and slapstick handling of certain moments. Some of my favourite movies of all time have been low budget, Whithnail & I being one that also deals with 2 guys with a dream, but down on their luck.<br /><br />However, for my money, the actors save Tinseltown from the ""Terrible movie"" archives and just about nudges it into the ""could have been a cult movie"" archives. I laughed out loud at some of the scenes involving Joe Pantoliano's character. In particular, the penultimate scenes in the terribly clichd, but still funny, rich-but-screwed-up characters house, where the story unravels towards it's final moments.<br /><br />I can see how Tinseltown was a great stage play and while the film-makers did their best to translate this to celluloid, it simply didn't work and while I laughed out loud at some of scenes and one liners, I think the first 30 minutes dulled my senses and expectations to such a degree I would have laughed at anything.<br /><br />Unless you're stuck for a novelty coffee coaster, don't pick this up if you see it in a bargain bucket.",0
35,"jeez, this was immensely boring. the leading man (Christian Schoyen) has got to be the worst actor i have ever seen. and another thing, if the character in the movie moved to America when he was ten or something and had been living here for over 20 years, he would speak a lot better English than what he pulls of here. or to say it in my own Language ""Skikkelig gebrokkent"". But it is cool to see Norwegian dudes in a movie made in Hollywood. it was just a damn shame they were talentless hacks. The storyline itself is below mediocre. I have a suspicion that Christian Schoyen did this movie just to live the dream, as he clearly does in the film by humping one beautiful babe after another.",0
36,"Great just great! The West Coast got ""Dirty"" Harry Callahan, the East Coast got Sharky. Burt Reynolds plays Sharky in ""Sharky's Machine"" and I enjoyed every minute of it. Playing a maverick narcotics cop in Atlanta, GA is just what everyone wants. Instead of suspension, he's sent to vice squad. Like in the Dirty Harry movies or any other cop movies, the captain is always going to be the jerk. When I was a kid, I was curious what that movie meant ""Sharky's Machine"". Well I knew who played Sharky, I wonder what his machine was. It was his GROUP of fellow cops. After uncovering the murder, he goes all out to find the perp. When it turns out to be a big time mob boss, Sharky doesn't play around. When he gets the other prostitute into safety, Sharky fights back hard and good despite losing a finger to the thug. And I also like the part where the bad gets blown out of the building through a plate glass window. That was the BOMB! Randy Crawford's ""Street Life"" really put the movie in the right mood, and the movie itself is really a great hit to me, ALWAYS! Rating 4 out of 5 stars.",0
37,"It's made in 2007 and the CG is bad for a movie made in 1998. At one part in the movie there is a stop motion shot of a dinosaur that actually looks good, but this just makes the extremely amateur work on the CG stuff look even worse.<br /><br />The writing, acting, directing and everything else in this movie is just terrible. This is as bad as, if not worse than Raptor Island and 100 million BC... pure crap! Again, as with the other movies, the only scary part about this movie is that it actually got made and is now being aired on the sci-fi channel.<br /><br />I still can't understand how they somehow get people who do have some acting skills to act in these movies and then somehow get them to act as terrible as everyone else in the movie.<br /><br />For those of you who are unsure, the other poster is obviously being sarcastic in his review... or he is one of the people who worked on this movie.",0
38,"This movie stinks majorly. The only reason I gave it a 3 was because the graphics were semi charming. It's total disregard for a plot and the lack of even insubstantial surface character development made it seem like just a bunch of nice drawings. This is by far THE worse anime that came out of Japan. I can't believe they actually put their names on this garbage. What a rip off selling this thing for $20. If you haven't seen this don't bother. If you have, I pity you.",0
39,"We can start with the wooden acting but this film is a disaster. Having grown up in NY I can tell you that this film is an insult to anyone who is familiar with the community or the people. I'm not even a defender of the culture in any way and found this to be a Hollywoodized piece of trash to fit its own fictional, ridiculous culture presentation and language that anyone who watches Seinfeld knows is inaccurate. This is a colossal waste of time and, even worse, is not exactly interesting since the outcome is obvious and the scenes of confrontation are laughably bad. Who acts this way? Nobody.<br /><br />The writer's name sounds Israeli or something of that nature but it is clear he doesn't have a clue about the subject he is writing about. Looking at his bio, it is shocking he lived in New York and wonder how much real connection he had with the community. Even mediocre films like ""A Stranger Among Us"" are better and more closer to the truth than this dreck. Reading this guy's credits it's no wonder he has written scripts on all C grade films that somehow feature stars. shocking. Perhaps he knows someone because this script is even below par for a bad Dolph Lundgren film.",0
40,"This movie starts off somewhat slowly and gets running towards the end. Not that that is bad, it was done to illustrate character trait degression of the main character. Consequently, if you are not into tragedies, this is not your movie. It is the thought provoking philosophy of this movie that makes it worthwhile. If you liked Dostoyevsky's 'Crime and Punishment,"" you will probably like this if only for the comparisons. The intriguing question that the movie prompts is, ""What is it that makes a renowned writer completely disregard his publicly-aproved ideas for another set?"" The new ideas are quite opposed to the status quo-if you are a conservative you will not like this movie. <br /><br />Besides other philosophical questions, I must admit that the movie was quite aesthetically pleasing as well. The grassy hillsides and beautiful scenery helped me get past the slow start. Also, there was use of coloric symbolism in representing the mindstate of the main characters. If these sorts of things do not impress you, skip it. Overall I give this movie a 7.",0
41,"This is a slightly uneven entry with one standout sequence involving an over-the-hill gang reminiscing in the diner that once - thirty years previously - was their hideout; one ho-hum duologue between two ageing rock musos; a noirish kidnap turned on its head and an opening sequence (plus epilogue) involving heist artist wannabe Edward Baer and current 'hot' property Anna Magloulis which has its moments. No movie in which Jean Rochefort appears can be dismissed lightly and here he shines as one of the over-the-hill quintet, indeed the film is worth seeing for Rochefort alone but each of the sequences has something to offer and it's definitely worth a look.",0
42,"I was first introduced to John Waters films by seeing ""Female trouble"" on IFC. I was disgusted but for some sick reason i enjoyed it. Then, i picked up the Pink Flamingos DVD in the John Waters Boxed Set. The movie is about Babs Johnson ""The Filthiest Person Alive"" who lives in a trailer in Maryland with her obese egg obsessed mother,and her deranged son ""Crackers"". In the movie you will see such sick sights as sex with chickens, drag-queens, people eating feces, torture, and all other sorts of random humiliation. The film has a soundtrack from 60's rock and roll artists. The only problem is that some parts of the film seem to drag on and can get a little boring. I found ""Female Trouble"" a little more fun. Rated NC-17 for Explicit sex, violence, and disturbing images. Enjoy.",0
43,"This movie has very good acting by virtually all the cast, a gripping story with a chilling ending, great music, and excellent visuals without significant special effects. It is interesting to note though that, like so much science fiction, its predictions for the future don't appear likely to come to pass as early as depicted. That's not to say we're out of the woods yet, but 2022 is now obviously too soon to be in this condition. It shares this failing with a fairly illustrious list of science fiction classics: ""1984"", ""2001: A Space Odyssey (compare its space station with our International Space Station) and Isaac Asimov's ""I Robot"" (positronic brains were to have been invented in the 1990's).",0
44,"I can't help but notice the negative reviews this movie has gotten. To be honest, I saw the preview for this movie, and the premise looked intrigued me. Yes, I rented it after reading others' comments. They are correct in that some of the acting leaves a lot to be desired. They are also correct that one of the best performances of this movie was that of Dr. Graves.<br /><br />Also interesting is Scott Clark, who plays Grant, the kid in the wheelchair. I identify with the character he played, perhaps because I am in a wheelchair.<br /><br />This movie is certainly worth your looking at.",0
45,"The production quality, cast, premise, authentic New England (Waterbury, CT?) locale and lush John Williams score should have resulted in a 3-4 star collectors item. Unfortunately, all we got was a passable 2 star ""decent"" flick, mostly memorable for what it tried to do.........bring an art house style film mainstream. The small town locale and story of ordinary people is a genre to itself, and if well done, will satisfy most grownups. Jane Fonda was unable to hide her braininess enough to make her character believable. I wondered why she wasn't doing a post doctorate at Yale instead of working in a dead end factory job in Waterbury. Robert DiNiro's character was just a bit too contrived. An illiterate, nice guy loser who turns out to actually be, with a little help from Jane's character, a 1990 version of Henry Ford or Thomas Edison.<br /><br />This genre has been more successfully handled by ""Nobody's Fool"" in the mid 90s and this year's (2003) ""About Schmidt."" I wish that the main stream studios would try more stuff for post adolescents and reserve a couple of screens at the multi cinema complexes for those efforts.<br /><br />I'll give it an ""A"" for effort.",0
46,"I've never really been sure whether I liked this documentary or not. It was shown on Channel 4 before a cut down version of Revelations, and is on the Revelations video tape before the uncut show. The documentary is basically friends of Bill saying how great he was for an hour with video clips of the show mixed in, a bit like a trailer for the film you're about to watch. It also features David Letterman grovelling like a worm for dumping Bill off the his show before he died, the reason? Bill made a joke about how Pro-Life people should picket funerals, and Letterman had Pro-life advertising. Anyway look out for the video as Revelations is Bill at his ranting best :)",0
47,Send them to the freezer. This is the solution two butchers find after they discover the popularity of selling human flesh. An incredible story with humor and possible allegories that make it much more than a horror film. The complex characters defy superficial classification and make the story intriguing and worthwhile - if you can stand it. Definitely a dark film but also a bit redemptive.,0
48,"This movie was released originally as a soft ""X"", apparently with the explicit sex deleted. Later, the producers ""relented"" (smelled money) and re-released it with the excised scenes restored (apparently only about 3 minutes). I guess since Kristine was of age, it was held against her and her promising career came grinding to a halt. I guess its all in the timing (witness Pam Anderson's career)--but Ronald Reagan was in charge during Kristine's debacle (we had not heard about Nancy Reagan's affairs), Bill Clinton and Monica Lewinski were in full swing during Pam's ""coming out"".<br /><br />The sex is just icing on the cake, both version satisfy. This naughty musical is way above similar of others that were released at the same time.",0
49,"With all this stuff going down at the moment with MJ i've started listening to his music, watching the odd documentary here and there, watched The Wiz and watched Moonwalker again. Maybe i just want to get a certain insight into this guy who i thought was really cool in the eighties just to maybe make up my mind whether he is guilty or innocent. Moonwalker is part biography, part feature film which i remember going to see at the cinema when it was originally released. Some of it has subtle messages about MJ's feeling towards the press and also the obvious message of drugs are bad m'kay.<br /><br />Visually impressive but of course this is all about Michael Jackson so unless you remotely like MJ in anyway then you are going to hate this and find it boring. Some may call MJ an egotist for consenting to the making of this movie BUT MJ and most of his fans would say that he made it for the fans which if true is really nice of him.<br /><br />The actual feature film bit when it finally starts is only on for 20 minutes or so excluding the Smooth Criminal sequence and Joe Pesci is convincing as a psychopathic all powerful drug lord. Why he wants MJ dead so bad is beyond me. Because MJ overheard his plans? Nah, Joe Pesci's character ranted that he wanted people to know it is he who is supplying drugs etc so i dunno, maybe he just hates MJ's music.<br /><br />Lots of cool things in this like MJ turning into a car and a robot and the whole Speed Demon sequence. Also, the director must have had the patience of a saint when it came to filming the kiddy Bad sequence as usually directors hate working with one kid let alone a whole bunch of them performing a complex dance scene.<br /><br />Bottom line, this movie is for people who like MJ on one level or another (which i think is most people). If not, then stay away. It does try and give off a wholesome message and ironically MJ's bestest buddy in this movie is a girl! Michael Jackson is truly one of the most talented people ever to grace this planet but is he guilty? Well, with all the attention i've gave this subject....hmmm well i don't know because people can be different behind closed doors, i know this for a fact. He is either an extremely nice but stupid guy or one of the most sickest liars. I hope he is not the latter.",0
50,"I went to see Hamlet because I was in between jobs. I figured 4 hours would be great, I've been a fan of Branagh; Dead Again, Henry V. I was completely overwhelmed by the direction, acting, cinematography that this film captured. Like other reviews the 4 hours passes swiftly. Branagh doesn't play Hamlet, he is Hamlet, he was born for this. When I watch this film I'm constantly trying to find faults, I've looked at the goofs and haven't noticed them. How he was able to move the camera in and out of the Hall with all the mirrors is a mystery to me. This movie was shot in 70 mil. It's a shame that Columbia hasn't released a Widescreen version of this on VHS. I own a DVD player, and I'd take this over Titanic any day. So Columbia if you're listening put this film out the way it should be watched! And I don't know what happened at the Oscars. This should have swept Best Picture, Best Actor, Best Direction, best cinematography. What films were they watching? I felt sorry for Branagh at the Oscars when he did a tribute to Shakespeare on the screen. They should have been giving a tribute to Branagh for bringing us one of the greatest films of all time.",0
